id,activity,time_min,time_max,time_average,x_min,y_min,z_min,x_std,y_std,z_std,x_var,y_var,z_var,x_median,y_median,z_median,x_mean,y_mean,z_mean,x_max,y_max,z_max,label,final_label
1,Walking,4991920000000.0,5974870000000.0,5472666406966.799,-19.61,-5.79,-15.09,6.967988552626232,5.396159610344823,3.2207525850079666,48.55286446953023,29.118538540316766,10.3732472138355,-1.23,9.62,-0.72,-1.0000412098592644,9.455536116942696,-0.3436070290024104,19.57,19.57,13.44,0,1
1,Jogging,5374660000000.0,6298490000000.0,5854316327785.817,-19.61,-19.61,-17.2,10.706282214440089,9.483499255184247,5.653877615194009,114.6244788552362,89.93675812308018,31.966332087591905,-0.04,0.42,0.57,-0.20845604196816228,0.1979305354558612,1.1645568017366137,19.57,19.57,19.0,1,2
1,Upstairs,6489310000000.0,6848770000000.0,6668160064102.563,-19.61,-13.95,-16.44,7.779192495083151,6.492358701823331,4.7512295973481935,60.515835875558004,42.15072151314113,22.574182686717478,-6.7,5.09,0.15,-6.349432692307693,5.332679487179488,0.6336602564102564,16.55,19.57,18.58,3,1
1,Downstairs,6552940000000.0,6895550000000.0,6726541574294.457,-19.61,-5.01,-10.15,8.061251166258893,4.761466674340804,3.978546050907821,64.98377036551037,22.67156489085808,15.828828679194222,-0.84,8.54,-0.11,-1.033366201972118,8.542869772186332,0.5756409384563074,19.57,19.57,17.05,4,1
2,Walking,7981270000000.0,10012500000000.0,9028226003066.7,-19.5,-3.21,-17.27,3.1512600814446117,3.4804653634986686,3.433426041003811,9.930440100906305,12.11363914651392,11.788414379043102,-4.21,8.77,-0.5,-4.281787205043019,8.764059971036717,-0.5714481642388619,10.92,19.57,11.14,0,1
2,Jogging,8794760000000.0,10378200000000.0,9617204338197.86,-19.61,-14.98,-19.61,10.047730421005166,4.599569004057719,6.223607707142736,100.9568866131927,21.156035023088524,38.73329289240645,-1.14,1.12,0.04,-0.8705014423892754,1.6032114372984896,0.3505871372815205,19.57,19.57,18.12,1,2
3,Walking,0.0,101991000000000.0,101377909658521.56,-16.78,-4.79,-7.27,6.186261109056589,4.396071596954512,3.9066083044140014,38.26982650942603,19.325445485550183,15.261588444116445,-0.27,7.7,-0.27,1.3275086718569329,7.922722577661298,0.6133662221537037,17.12,19.31,18.58,0,1
3,Jogging,101236000000000.0,102290000000000.0,101681533309130.52,-19.23,-14.25,-18.89,8.114998644979641,7.9660626847115505,6.021514301342716,65.8532030080214,63.458154696753816,36.258634481274854,-4.6,0.89,-0.5,-6.3337393356326,2.971330550009076,0.4485051733526956,13.06,19.76,17.54,1,2
3,Sitting,102437000000000.0,102518000000000.0,102477356743318.84,0.5,-0.42,9.43,0.16318253400307686,0.14964456738457005,0.040072601385695364,0.026628539403665327,0.02239349654771512,0.001605813381816834,1.38,0.0,9.66,1.3781665630826598,0.056631448104412674,9.677240522063393,1.99,0.61,9.96,2,3
3,Upstairs,102728000000000.0,103191000000000.0,102952325417766.05,-19.23,-6.78,-13.82,7.321590276223396,6.639742414469725,3.9806307426307086,53.60568417288898,44.08617933050825,15.845421109176712,-1.27,6.24,1.04,-1.6613984168865434,7.134676048079741,1.7144884198182353,19.84,19.76,19.19,3,1
3,Downstairs,102807000000000.0,103260000000000.0,103037878232110.64,-19.08,-6.63,-9.43,5.771033146757422,5.2083065841289535,4.069623790234194,33.30482358097288,27.12645747428101,16.561837794040123,-1.16,7.44,1.99,-1.2144137101623569,7.8915213469633185,2.341846061334937,18.39,19.76,17.27,4,1
3,Standing,102540000000000.0,102681000000000.0,102610294617563.72,-3.45,8.12,-0.84,0.1256223501650527,0.07380927047851253,0.17504067978752724,0.015780974860991108,0.00544780840857022,0.03063923958047965,-1.08,9.43,-0.42,-1.0700531161473088,9.41423866855524,-0.381320821529745,-0.31,10.08,2.91,5,3
4,Walking,2600180000000.0,2904090000000.0,2752125227833.5254,-17.05,-6.28,-12.83,4.714030820839528,4.0932882451762165,4.339590894786499,22.222086579825,16.755008658097793,18.8320491341139,2.68,9.72,-1.73,2.1446504359269616,10.153574601085703,-0.9055930251686132,14.25,19.57,15.51,0,1
4,Jogging,2988310000000.0,3033010000000.0,3010649284916.201,-8.43,-12.26,-19.3,8.557922664507789,9.179301204763695,5.8574156086868125,73.23804033169608,84.25957060777623,34.309317612887895,3.95,3.76,-1.8,5.887296089385475,5.628759776536312,-2.1202458100558657,19.57,19.57,15.7,1,2
4,Sitting,3618170000000.0,3680940000000.0,3649559801113.762,-10.31,-7.01,-10.8,0.595684061893235,1.1163423489943836,0.8158462376617813,0.3548395015936234,1.2462202401582982,0.6656050835068839,-7.21,-0.65,-6.74,-7.011256961018299,-0.9750517104216389,-6.812919649960223,-1.57,0.93,-3.06,2,3
4,Upstairs,3433090000000.0,3573790000000.0,3533660849673.2026,-13.67,-2.6,-12.41,2.6576667413037627,3.5873898054121565,3.1814744049555244,7.06319250783216,12.869365615975076,10.121779389387106,-1.92,9.66,-0.99,-2.058111837327524,9.350610021786492,-1.234633260711692,10.34,19.27,12.64,3,1
4,Downstairs,0.0,3492830000000.0,3409958105501.9854,-16.09,-3.68,-16.7,4.147460899943735,3.837748861080624,3.750551859022896,17.2014319165621,14.728316320725625,14.066639247220099,-2.26,9.58,-1.76,-2.41954622802042,9.543199092456039,-1.7514577424844011,14.41,19.57,15.13,4,1
5,Walking,1202310000000.0,1906500000000.0,1554484573712.9802,-8.05,-3.91,-7.7772183,2.5962434027971284,4.231367023578493,3.1159578425528114,6.740479806567612,17.904466888227514,9.709193276566369,3.06,9.15,0.84446156,3.0944798890429963,9.187916292730684,1.5621139818214895,12.95,19.57,14.709975,0,1
5,Jogging,1945940000000.0,2266140000000.0,2106031022638.564,-12.22,-11.8,-12.789507,5.405739938952544,7.6000866620920355,5.162815354679103,29.222024287586645,57.76131727130926,26.654662386510314,3.49,7.59,1.7297841,3.985245901639344,7.681530054644807,1.7980283787494142,19.11,19.57,14.601013,1,2
5,Sitting,3041170000000.0,3124340000000.0,3082745108173.0767,1.76,0.08,2.4516625,0.24188447874035904,0.1870760204817536,0.19303034555044013,0.0585081010554952,0.0349974374392895,0.037260714303322326,4.25,3.02,8.049625,4.263792067307692,3.041442307692308,8.04557356219952,9.53,6.89,9.425281,2,3
5,Upstairs,2427750000000.0,2893400000000.0,2673398464718.04,-6.09,-1.38,-7.654635400000001,2.135584769196658,3.348892760539003,2.3218368859817673,4.560722306424743,11.215082721590543,5.390926525105509,0.5,9.19,1.2258313,0.6037437260112194,9.536350752878654,1.799985052664895,10.31,19.27,13.143636,3,1
5,Downstairs,2579320000000.0,2995870000000.0,2787348573605.608,-13.17,-1.12,-8.471855999999999,3.1190867757855347,4.166937862245291,2.6934160284908466,9.728702314880204,17.36337114781335,7.254489902531406,0.38,8.62,1.9477097,0.34039317281316683,9.1230356598598,2.3761591217964035,13.02,19.57,14.09706,4,1
5,Standing,3147190000000.0,3222890000000.0,3185040726072.6074,-6.66,6.32,-2.2201166000000003,0.5604782403355368,0.2872196252996767,0.5100661956249314,0.31413585788961984,0.08249511315728668,0.2601675239192908,-1.42,9.72,0.9942854,-1.3294191419141916,9.742607260726073,1.033663027648845,3.06,12.41,4.2086873,5,3
6,Walking,0.0,3871340000000.0,3522513373659.166,-13.4,-6.59,-10.269742,4.8767208007146365,4.3541658160836505,3.809168654965089,23.782405768122807,18.9587599539514,14.509765841968546,2.22,8.77,-1.3075534,3.0101766271473505,9.183840632309057,-0.2681085092976853,19.57,19.57,18.305748,0,1
6,Jogging,0.0,3211030000000.0,2704492752580.809,-19.61,-19.61,-19.6133,8.505918900279546,7.745806665256209,6.327692394277501,72.35065633813281,59.99752089552752,40.039691036597326,1.84,4.25,-0.88532263,3.655995092232189,4.814285835166695,-0.2832635865254696,19.57,19.57,19.041246,1,2
6,Sitting,58826400000000.0,58910300000000.0,58868347647409.17,5.94,2.22,5.63,0.07217229808224039,0.13853592850523602,0.0744414877309455,0.00520884061047176,0.019192203486807863,0.00554153509559651,6.44,2.49,6.51,6.426075044669446,2.4884216795711738,6.499452054794519,7.06,4.33,6.7,2,3
6,Upstairs,0.0,4141650000000.0,4052626338535.4136,-7.82,0.0,-8.308413,2.98228722061607,3.6695304211305886,2.4631174010480392,8.894037066249924,13.465453511602838,6.066947331345647,1.95,9.11,-0.42223078,2.4939795918367347,9.536188475390157,0.02382334503601443,19.19,19.57,11.563675,3,1
6,Downstairs,0.0,4131520000000.0,4057792449406.839,-6.32,-0.27,-6.701211,2.7160004775611593,3.768546782435845,2.129105305385557,7.376658594112443,14.201944851407564,4.533089401420924,1.8,9.58,-0.3405087,2.1560293091416605,9.524473133286813,-0.037363287511514284,14.44,19.57,11.645397,4,1
6,Standing,58933800000000.0,58969200000000.0,58951474330042.31,-3.76,8.35,-1.95,1.103953707010938,0.32284768668834035,1.2944862127789487,1.2187137872231917,0.10423062880001277,1.6756945550747857,0.53,9.58,1.99,0.3306911142454161,9.631509167842033,1.4685190409026798,2.91,11.99,3.15,5,3
7,Walking,207783000000000.0,208560000000000.0,208170000906371.75,-16.4,-7.74,-8.2,6.269049797117728,4.278608460281577,3.410305128746255,39.300985358741826,18.306490356393077,11.630181071153011,6.4,5.75,-1.12,6.7486495060273715,6.704169310251065,-0.2169980966192332,19.91,20.04,16.74,0,1
7,Jogging,207408000000000.0,208254000000000.0,207774074049874.8,-19.27,-19.15,-19.8,8.726379630857728,8.306986369837412,6.023172994238049,76.14970146184864,69.00602254866456,36.27861291851855,-2.64,6.21,-1.18,-3.9243275617989752,6.910818904497441,-0.2294021561581183,19.91,20.04,19.38,1,2
7,Sitting,209271061402000.0,209397361451000.0,209334156772236.84,-7.78,-4.59,5.79,0.3114177491290821,0.17570062860696625,0.23960561494672056,0.0969810144726239,0.030870710892883086,0.057410850713996125,-6.55,-3.34,6.74,-6.4703954132068,-3.3694226967180705,6.790474495848161,-4.52,-2.41,7.86,2,3
7,Upstairs,208710000000000.0,209072000000000.0,208894169675090.25,-18.2,-3.45,-12.98,7.672897190949375,3.6415525724425484,2.9310354090362054,58.87335130287883,13.260905137862938,8.590968569024037,6.09,5.67,-0.99,4.1032574284920855,6.155692863093585,-0.8129880588725353,19.89,19.46,17.01,3,1
7,Downstairs,208772000000000.0,209113000000000.0,208948726628267.6,-7.21,-8.39,-9.81,5.157739680519878,5.033377353292677,2.8109440685354006,26.602278612009286,25.33488758063959,7.901406556434353,7.08,4.71,-1.12,7.604816127603012,5.223447053610988,-0.7900620292423571,19.91,20.04,13.4,4,1
7,Standing,209133000000000.0,209251461488000.0,209192386344981.38,-9.7,4.1,-1.99,0.32479849113030895,0.4199686786655067,0.5440941171295339,0.1054940598405254,0.1763736910600516,0.29603840829496714,-8.01,5.56,-0.76,-8.028262156448205,5.571780126849895,-0.7013488372093023,-6.17,8.05,2.18,5,3
8,Walking,110041000000000.0,111451000000000.0,110669624970773.9,-14.67,-5.09,-12.91,5.080109255372197,4.500444714997059,4.227729831779131,25.807510046518264,20.25400263274496,17.873699530515196,1.95,7.89,-0.89,2.706980944587328,8.124233107318213,-0.124731704465747,19.91,20.04,19.0,0,1
8,Jogging,110821000000000.0,111738000000000.0,111277800252108.98,-19.27,-19.15,-19.72,11.255680128301536,9.061297509094787,6.7723329891389765,126.69033515064214,82.10711254832734,45.86449411578005,-0.31,0.15,-1.54,-0.3742276738097549,0.2802608358382624,-1.7243692427033843,19.91,20.04,17.97,1,2
8,Sitting,112425000000000.0,112560000000000.0,112492371248610.6,-3.72,-2.26,8.47,0.2837669366517748,0.16543347066748862,0.0534829469464537,0.08052367433673235,0.027368233217090813,0.002860425614077181,-0.8,-1.53,9.49,-0.8742793627269358,-1.5574027417562062,9.495131530196367,-0.08,0.46,10.0,2,3
8,Upstairs,111845000000000.0,112281000000000.0,112059216483269.7,-10.04,-13.59,-12.57,3.700083598156821,4.720182259849202,3.2656557758756897,13.69061863334913,22.28012056619512,10.664507646510252,1.18,8.96,0.95,1.4770963395463732,8.647841904334156,1.2508286548394345,18.54,20.04,18.35,3,1
8,Downstairs,0.0,112226000000000.0,112031491332934.84,-15.64,-3.98,-10.34,5.329028156049968,4.5030606928357,2.8555035342786734,28.398541087973317,20.277555603361925,8.153900434277991,1.31,7.1,1.53,2.2569336521219365,7.701685594739988,1.6589001793185894,19.7,19.99,16.78,4,1
8,Standing,112578000000000.0,112742000000000.0,112660001529519.72,-10.99,3.68,-2.26,1.026115775093142,0.7717894349066929,0.8923631543394746,1.0529135838949997,0.5956589318335925,0.7963119992226969,-6.36,7.35,1.33,-6.279951055368613,7.343652493117161,0.9970480269195472,-3.02,9.89,3.72,5,3
9,Walking,7145890000000.0,9614590000000.0,8342522021976.321,-14.48,-4.99,-12.98,5.425324339033465,4.636060947010538,3.5720791699607517,29.434144183708916,21.493061104396247,12.759749596467488,3.49,5.48,0.19,4.481312388764219,6.6746390157084265,0.7783633831153758,19.34,19.57,18.35,0,1
10,Walking,0.0,4395680000000.0,3881670805487.431,-14.98,-6.63,-14.48,4.709101632678767,4.958424014727262,5.398413982030448,22.175638186897817,24.585968709824012,29.142873521381826,-2.14,11.22,-1.73,-1.4882518393623545,10.3628548436542,-0.14574110974862048,18.05,19.57,19.23,0,1
10,Jogging,3746810000000.0,4739630000000.0,4245830638033.764,-19.61,-18.96,-19.57,8.388578422924809,9.964002220030212,6.208651875970394,70.36824795755965,99.28134024076698,38.54735811699069,-3.26,8.66,-2.3,-2.776617841774247,7.905336809003642,-1.6322351870241645,17.05,19.57,19.0,1,2
10,Upstairs,0.0,5383210000000.0,5141058040037.244,-15.89,-10.72,-15.01,2.9807445600320626,4.6045860963233585,3.5107475066733813,8.884838132160734,21.202213118454395,12.325348055613365,-1.69,9.66,0.325,-1.839094506517691,9.863007448789572,0.7225162942271881,11.75,19.57,18.39,3,1
10,Downstairs,0.0,5456450000000.0,5212340561264.822,-14.71,-2.22,-13.21,3.574959125430325,4.193160527713584,4.211064343834345,12.78033274849756,17.582595211175267,17.733062907912988,-0.8,9.7,0.38,-0.6536785243741765,10.020266139657444,1.134540184453228,15.94,19.57,18.24,4,1
10,Standing,0.0,5575780000000.0,5530978849397.591,-3.64,0.0,-2.3,0.3503003484717809,0.3248045341362552,1.0949480824330189,0.12271033413945112,0.10549798539546976,1.1989113032237448,-0.91,9.81,0.95,-0.9466746987951808,9.829331325301203,0.4315421686746989,1.76,13.57,4.79,5,3
11,Walking,1474120000000.0,2247930000000.0,1828777717910.6936,-19.61,-8.43,-13.947235999999998,5.34554645244254,3.825706048634672,3.415064218314181,28.574866875221023,14.636026770559914,11.662663615209851,0.5,8.62,-0.040861044,0.6362036579337618,8.589327731092437,0.7545277633676059,14.79,19.53,16.780268,0,1
11,Jogging,56598700000000.0,57221400000000.0,56910049686847.6,-19.46,-7.63,-17.92,4.705870123931014,6.987964280092178,3.4702232361525995,22.145213623306493,48.83164477984419,12.04244930873342,-2.11,7.55,-1.57,-2.588528986670949,8.049401798618918,-2.2073004657138267,15.09,19.57,15.21,1,2
11,Upstairs,2323850000000.0,3042390000000.0,2693504929417.122,-15.7,-5.09,-11.073342,6.0225588291201575,4.208607383680661,3.4837931872521777,36.271214850213156,17.712376109971377,12.136814971544686,-0.27,7.31,1.1849703,1.2470127504553734,7.342238160291438,1.548716028976776,19.42,19.57,18.578154,3,1
11,Downstairs,2775010000000.0,3116040000000.0,2950699237097.9805,-10.27,-19.61,-10.800936,3.7258614035833326,9.745772671683524,2.3632782873160965,13.882043198711962,94.98008496813335,5.585084263299702,1.08,5.83,1.0760075,1.6678010471204183,2.9152206432311147,1.4981771265183246,18.43,19.57,12.830367,4,1
12,Walking,16977800000000.0,18004500000000.0,17482170050009.262,-19.57,-17.2,-11.69,6.230320520812942,6.184085129621639,4.779269734044737,38.81689379206284,38.24290889040749,22.84141919075605,-4.52,5.67,0.0,-5.138160770513056,5.592966290053713,0.5498647897758845,15.21,19.57,19.19,0,1
12,Jogging,17342300000000.0,18433600000000.0,17880112718446.6,-18.28,-11.33,-14.44,4.697882911984031,9.029028276963206,5.973333604709526,22.070103854711565,81.52335162620115,35.680714353152105,-1.08,9.92,0.69,-1.034212783171521,8.675064724919094,1.788623786407767,17.01,19.57,19.61,1,2
12,Sitting,18645400000000.0,18759800000000.0,18702599126256.008,7.35,-2.56,2.87,0.08256721551844227,0.1101564208121084,0.18082255648550288,0.006817345078468895,0.01213443704613431,0.032696796933952874,8.16,-2.11,3.98,8.145246832678026,-2.10392747924858,3.9928527741371775,8.88,0.0,4.33,2,3
12,Upstairs,18830600000000.0,19459300000000.0,19078340354182.367,-17.39,-14.44,-14.1,4.23008034245064,6.7691470084056125,4.746736212173644,17.893579703587328,45.82135122140665,22.5315046679606,-1.12,8.73,2.05,-1.3839374529012811,8.317954031650338,2.5075357950263752,15.13,19.57,18.96,3,1
12,Downstairs,18936300000000.0,19545200000000.0,19206528432055.75,-15.6,-4.5900574,-13.44,3.813784404495275,5.480537290175266,4.657947362137425,14.544951483971381,30.03628898900165,21.696473628442998,-1.04,8.47,1.4386886,-1.3332857334996515,8.479454261733798,2.2534560030641115,13.1,19.57244,19.34,4,1
12,Standing,19303100000000.0,19386500000000.0,19344814790419.16,-4.14,7.89,-1.61,0.16401423768553575,0.10115164471026422,0.2099514955730423,0.02690067016356741,0.010231655227591523,0.0440796304933572,-3.26,8.47,-1.12,-3.2419700598802392,8.472850299401198,-1.0872754491017964,-2.11,8.96,0.27,5,3
13,Walking,1047160000000.0,2079830000000.0,1567973060473.6719,-11.26,-3.21,-12.5579605,2.5615468252372557,4.802961581601234,4.58275715098116,6.5615221378830615,23.06843995433742,21.00166310486896,-0.89,9.81,0.19068487,-1.0320863033647578,10.073568636468154,0.6132183929012034,8.5,19.5,18.34661,0,1
13,Jogging,0.0,2517980000000.0,1798182929677.9949,-16.59,-17.12,-18.34661,5.123462614270361,8.983724440002135,8.108879663640954,26.249869159826087,80.70730481389168,65.75392939940983,0.0,5.75,1.920469,0.05054018979641493,6.953894070889772,0.7402922542918322,16.13,19.57,19.15021,1,2
13,Sitting,723702000000.0,782622000000.0,753160692111.9592,4.67,4.33,5.41,0.3059719007164645,0.2411471641256522,0.38848242681493,0.093618804028046,0.05815195476584425,0.15091859594401744,5.56,5.33,6.47,5.596870229007632,5.2565055131467355,6.581840542832909,6.82,6.59,7.27,2,3
13,Upstairs,0.0,3409320000000.0,3085892488141.4404,-14.25,-4.86,-10.310603,1.5814693133097617,3.337012381590001,2.3579773931171606,2.5010451889404495,11.135651634884974,5.560057386451599,-0.84,9.66,1.4573771999999998,-0.9029862009486848,9.422876239758516,1.8716877461207415,11.35,19.5,14.410328,3,1
13,Downstairs,2866040000000.0,3498730000000.0,3166919245460.976,-12.11,-3.45,-10.079058,2.2377210961028045,2.95585219521424,2.2333532188743628,5.0073957039435335,8.73706219995284,4.987866600256479,-0.11,9.3,1.879608,-0.3588493279886819,9.561834473001651,2.00506548650224,12.07,19.42,14.818938,4,1
13,Standing,855462000000.0,938342000000.0,896900550331.525,-7.74,6.55,-1.99,0.3214074504369237,0.23597343231613466,0.39942428617792025,0.10330274919636358,0.05568346075905739,0.15953976038874115,-4.9,8.47,-0.19,-4.894562989752863,8.470271247739602,-0.0993610608800482,-2.41,10.42,3.34,5,3
14,Walking,59189800000000.0,60290600000000.0,59732856050220.07,-12.79,-6.17,-17.67,4.70306897294812,4.067471236675703,4.2361893604472325,22.11885776430729,16.544322261184174,17.945300297566323,0.53,10.0,-2.03,0.9662125694494552,9.97998196118046,-1.4754455588426294,18.89,19.57,17.62,0,1
14,Jogging,59596100000000.0,60667100000000.0,60125770253784.17,-19.61,-16.85,-19.61,9.770395172086005,8.09099649498936,6.97153137473788,95.46062181872149,65.4642242819301,48.60224970895464,4.44,9.08,-1.88,3.585675879207772,8.130957903456585,-0.7558475788839523,19.57,19.57,19.42,1,2
14,Upstairs,57749300000000.0,58401600000000.0,58052000244528.67,-7.16,-13.02,-11.03,3.316131707901737,3.128856845753133,2.5705711779158857,10.996729504151292,9.789745161216246,6.607836180731865,7.27,6.93,-0.91,7.320958552390268,7.021885316053307,-0.4773505318498593,19.57,19.53,14.98,3,1
14,Downstairs,57651500000000.0,58328500000000.0,57894042852173.92,-14.4,-3.21,-19.5,5.957592350789371,4.6076422581628345,5.40938735379941,35.49290661818402,21.23036717920789,29.261471543444987,3.95,9.19,-0.3,4.4927269565217385,9.422973913043476,-0.3334330434782608,19.57,19.57,16.17,4,1
15,Walking,0.0,1597850000000.0,1302734393269.1477,-9.34,-1.69,-8.853226,5.609974535426659,3.9793596223245022,3.221720868404653,31.471814288135548,15.835303003786604,10.379485353914033,4.33,8.62,-1.3075534,4.889069303495534,9.128927053517216,-0.31798768636776825,19.57,19.57,13.102775,0,1
15,Jogging,0.0,958892000000.0,540510808422.53296,-19.61,-19.61,-19.381754,9.34235139463038,8.713145283995527,5.1042490169453565,87.2795295807522,75.91890074001353,26.053358026987638,3.49,2.34,-0.27240697,5.725866083287758,5.446064536291896,-0.33129508240940697,19.57,19.57,16.970953,1,2
15,Upstairs,0.0,2089420000000.0,1975850455426.3567,-17.77,-2.53,-11.032481,3.4315353465179945,4.45386907452635,2.6185455577567303,11.775434834402374,19.836949733022198,6.856780838047508,-3.98,8.5,-0.50395286,-3.968982558139535,8.760852713178293,-0.26892927597868216,16.55,19.57,14.1787815,3,1
15,Downstairs,1887010000000.0,2096970000000.0,1988773456299.6597,-17.86,-1.23,-12.299174,3.525674358896917,4.120944598644523,2.884186038142348,12.430379684983187,16.98218438509747,8.318529102615253,-3.64,8.47,-0.53119355,-3.641628830874007,8.897423382519865,-0.09190256005334847,6.44,19.57,14.601013,4,1
16,Walking,5305050000000.0,5931040000000.0,5618036500279.53,-4.59,-8.31,-15.091345,4.556501466579662,3.7694784344908254,3.074197688741438,20.761705614942613,14.20896766809141,9.4506914294632,8.2,4.56,-0.42223078,8.640606181614888,5.147196709527993,0.009511724602348054,19.57,19.57,13.443283,0,1
16,Sitting,933292000000.0,1082410000000.0,1007845079088.4718,5.24,2.37,8.12,0.05979305954699754,0.03910471635182466,0.04071544243039516,0.0035752099699907936,0.0015291788409566634,0.001657747252302822,5.43,2.56,8.24,5.4603418230563,2.5452949061662204,8.248431635388737,5.75,2.72,8.43,2,3
16,Upstairs,6858860000000.0,6929340000000.0,6894095350815.023,-7.65,-1.33,-11.985906,2.9311375784938503,3.9239640124214614,2.709444560401987,8.591567504058789,15.397493570778732,7.341089825891916,2.49,9.58,-0.9942854,2.727951807228916,9.82305457122608,-0.979719044907158,14.75,19.57,11.454713,3,1
16,Downstairs,6952870000000.0,7160740000000.0,7042457123809.522,-8.58,-3.45,-11.795221000000002,4.714738435737019,4.29714004700925,4.158697247345831,22.228758517415944,18.465412583610657,17.294762795081795,4.63,8.43,-0.38136974,5.208368253968255,9.005784126984127,0.501998449399365,19.0,19.5,17.815414,4,1
16,Standing,58503100000000.0,58602000000000.0,58552560737746.34,0.72,9.85,0.04,0.0675053582882236,0.02459808279051752,0.06218718165937684,0.004556973397621438,0.0006050656769691541,0.003867245562736335,0.99,9.92,0.31,1.0079636179888831,9.924269833249117,0.30795351187468417,1.27,10.04,0.5,5,3
17,Walking,35000800000000.0,58183100000000.0,42200317846440.016,-5.56,1.61,-8.66,2.082901980337517,3.0821885111874217,2.2548451319150766,4.338480659693951,9.499886018495737,5.08432656892112,2.4925237,9.66,-0.38,2.446658210990596,9.733791954975716,-0.3803379274089077,9.466142,19.15,8.349273,0,1
17,Jogging,58231500000000.0,58548300000000.0,58390512892741.06,-9.00305,-10.419566,-9.997335,4.561470562952726,7.717617508883593,3.438735932779578,20.80701369668427,59.5616200134266,11.82490481538943,4.099725,10.079058,0.27240697,3.9585285324759827,8.55298319278512,0.1329176742419646,17.665589999999995,19.57244,12.912089,1,2
17,Upstairs,34334800000000.0,34942000000000.0,34645424872561.08,-5.79,1.65,-9.53,1.6087383865437448,2.674107558818628,1.5432493734159078,2.588039196339371,7.15085123613092,2.381618628548592,0.11,9.47,-2.26,0.2534839163297592,9.83094392687643,-2.3913482158551593,7.08,19.5,2.45,3,1
17,Downstairs,34436300000000.0,34855900000000.0,34649641252986.46,-7.46,2.72,-10.19,2.0515258059587724,2.883550901328692,1.5354540159632646,4.208758132514791,8.31486580055351,2.3576190351377173,0.23,9.62,-1.12,0.2748871781258296,9.970323865144676,-1.294255375630475,12.11,19.57,7.4,4,1
18,Walking,0.0,19170400000000.0,18655519636884.85,-15.75,-7.46,-17.883516,5.5247167923031535,4.894104070914553,3.2427156157127834,30.522495635156435,23.952254656942397,10.515204564387536,-0.76,10.95,-0.6537767,0.024340659340659338,10.83237060041408,-0.7597438210293042,18.89,19.57,13.021052,0,1
18,Jogging,0.0,18817400000000.0,16641987208138.76,-19.61,-15.94,-16.739407,10.24550971227234,8.329395989765862,5.488991918059004,104.97046926426684,69.37883755432763,30.129032276517076,-3.68,10.69,0.0,-3.6604961641094063,8.920583722481656,-0.10020700520780518,19.57,19.57,18.619015,1,2
18,Sitting,276452000000.0,349743000000.0,313113986366.7349,4.52,1.08,7.89,0.13981094195479474,0.10923083533573988,0.10295786539340317,0.01954709949028699,0.011931375388143522,0.010600322046366123,5.56,1.76,8.39,5.562719836400819,1.7702658486707568,8.399400136332652,6.36,2.41,9.53,2,3
18,Upstairs,0.0,33687100000000.0,33267283958762.89,-6.13,-5.33,-9.888372,3.165120803243627,3.573016927995896,3.388913409573189,10.017989699125582,12.766449967745226,11.48473409758498,2.91,10.0,-0.88532263,3.0898309278350515,9.882313402061856,-0.3935129069707217,18.28,19.57,14.669114000000002,3,1
18,Downstairs,0.0,33601100000000.0,33337353581780.54,-19.15,-1.14,-15.5135765,4.976882532140194,4.30559437375125,3.821539235512396,24.76935973872219,18.538142911278413,14.60416212856067,0.38,9.72,-0.29964766,-0.03614492753623187,10.257652173913042,-0.12641261616811592,14.48,19.57,15.826844,4,1
18,Standing,374642000000.0,472292000000.0,423452997441.1464,-1.73,8.77,-0.23,0.2699003003867841,0.09795667699522877,0.29878477836755263,0.07284617214887627,0.00959551056794758,0.08927234378414753,-0.3,9.92,0.84,-0.32629477993858746,9.93885363357216,0.8393961105424771,1.18,10.73,2.45,5,3
19,Walking,129806921510000.0,130762391603000.0,130395410684144.2,-18.96,-3.41,-8.62,6.3085715121842405,5.0854101417265145,3.401652366881968,39.79807452434254,25.86139630957489,11.57123882511369,-2.3,7.93,-0.69,-0.41109181704687336,8.49951594597662,0.02249687890137329,19.91,19.76,18.54,0,1
19,Jogging,129612111482000.0,130447632570000.0,130164925833323.31,-19.23,-19.42,-18.5,10.461975817409158,9.027452687438467,4.078710417610882,109.45293800405402,81.49490202394,16.635878670727536,-3.3,-0.84,-1.33,-4.3863415838528494,1.5868730325288565,-0.8707129189556199,19.95,19.76,15.83,1,2
19,Sitting,131496891542000.0,131623531465000.0,131560206655900.14,6.4,-2.07,0.76,0.14483938676928398,0.2135450507130046,0.21886778782827845,0.020978447959702242,0.04560148868401971,0.047903108548844296,8.96,-0.76,2.3,8.958224151539069,-0.8135161799526439,2.263685872138911,10.88,1.38,3.34,2,3
19,Upstairs,130916491457000.0,131315761507000.0,131115702388733.64,-19.23,-11.73,-15.6,8.438046158260732,5.068907449751594,3.1427866275173137,71.20062296893872,25.693822734147204,9.877107786101652,-6.02,3.95,-0.5,-4.2383668224299065,4.557011682242991,-0.3083691588785046,19.95,19.76,17.16,3,1
19,Downstairs,0.0,131357351686000.0,131121091750452.56,-18.01,-14.75,-15.6,7.008994587038415,6.119881778378294,4.454668182023349,49.12600512113379,37.45295298132667,19.84406861193122,1.88,6.44,-0.99,2.5875478194338184,7.134938791124713,-0.4295141545524101,19.95,19.76,17.27,4,1
19,Standing,131371491487000.0,131478021486000.0,131424754773948.88,-8.39,3.76,-2.87,0.5646906463864132,0.4219277101079507,0.6641409196162582,0.3188755261163051,0.17802299255693887,0.4410831611087291,-5.28,8.05,-1.18,-5.212692307692309,8.089160412757971,-1.0842870544090055,-0.08,11.65,3.68,5,3
20,Walking,0.0,1423160000000.0,865820450205.5734,-13.06,-2.03,-10.651112,5.583413665261191,4.571995404638829,4.2833876476122965,31.174508157425407,20.903141980038573,18.34740973971761,0.38,9.62,-0.551624075,0.7723747525506316,9.705682960255825,0.3062524911780113,19.53,19.57,17.543009,0,1
20,Jogging,0.0,1805000000000.0,1056758989959.8394,-19.23,-10.23,-14.137921,9.837901295884722,8.370642126262647,4.568251645932672,96.78430190757028,70.06764960596287,20.868923100566565,2.79,2.79,-0.08172209,4.860125115848008,6.248176552363299,-0.17406442535928324,19.57,19.57,16.889229999999998,1,2
20,Sitting,58651900000000.0,59434100000000.0,59043021388391.72,-6.09,0.27,-5.63,1.7503671312163165,1.369735487034229,1.5810222943879764,3.0637850940424385,1.8761753044408973,2.4996314953518213,-1.33,3.76,9.0,-1.8923306059831249,4.07926233699821,8.603988110457681,7.25,18.47,13.99,2,3
20,Upstairs,0.0,2817920000000.0,2472009698596.2017,-12.95,-2.87,-6.5513873,1.9239255233351336,3.857832080929873,3.0262385261779303,3.701489419340368,14.882868364651715,9.158119617323573,0.53,9.47,2.1792557,0.5711168455821636,9.075045417010736,2.6701645658232867,10.31,19.08,17.924377,3,1
20,Downstairs,2249950000000.0,2902320000000.0,2583266835009.63,-9.28,-1.46,-9.152874,3.2840529925555724,4.118628145198674,3.435265050326361,10.785004057913211,16.963097798422663,11.801045965993776,0.53,8.66,2.1111538,0.9300941579285256,9.278502032955275,2.3626829259713245,15.64,19.57,17.052675,4,1
20,Standing,59539600000000.0,59809000000000.0,59674296752644.27,-4.44,6.89,-1.5,0.4486561359429624,0.2565694069644956,0.7645024558984853,0.20129232831927,0.06582786059011296,0.5844640050748156,-1.31,9.58,2.64,-1.3744794952681387,9.581478938578586,2.4376155130822044,0.69,14.29,5.75,5,3
21,Walking,117004000000000.0,118178000000000.0,117601891262602.02,-8.58,0.19,-5.13,2.495485232266558,3.7495306239083503,2.8507137532205364,6.227446544460478,14.058979899626546,8.126568902800717,0.84,8.73,1.61,0.5852504400704113,9.133986237798046,2.002198751800288,9.19,19.61,12.87,0,1
21,Jogging,117401000000000.0,118467000000000.0,117877109142082.77,-15.28,-14.63,-9.89,4.132429717311916,9.279943883969839,4.3363813940809335,17.076975368522643,86.11735848962923,18.804203594931305,1.33,7.97,0.99,1.0725862608151775,7.231413530699467,1.504023767330345,13.67,20.04,14.63,1,2
21,Sitting,118613000000000.0,118694000000000.0,118653395276569.3,1.27,1.92,8.62,0.4344814167771676,0.3659856869930477,0.06838734667564605,0.1887741015246948,0.1339455230837731,0.004676829185334997,1.92,2.91,8.85,1.905208203853325,2.8283654443753887,8.868868862647608,3.36,3.38,9.11,2,3
21,Upstairs,118941000000000.0,119442000000000.0,119197477380706.48,-10.73,-9.7,-5.28,2.10381789968741,5.274941375107496,3.0991788365189827,4.426049755045146,27.82500651082097,9.60490946072716,0.57,8.66,2.14,0.6321978929973145,8.594224333815326,2.7901507952902294,8.62,20.04,15.36,3,1
21,Downstairs,119009000000000.0,119507000000000.0,119260414767096.14,-10.46,-10.0,-6.05,2.7150862967897185,4.781041017802119,2.6896108165046018,7.371693599015305,22.858353213906323,7.2340063442585505,0.99,8.31,2.6,1.1171134786917742,8.275815163528247,2.904095639246779,13.29,19.93,13.57,4,1
21,Standing,118718000000000.0,118861000000000.0,118789375655823.72,-2.49,8.77,0.15,0.16398784747701006,0.0743854061715702,0.18469857482392826,0.026892014120143116,0.005533188651309474,0.034113563541990216,-1.18,9.3,1.27,-1.1699090591115775,9.31939489331934,1.2771738370059462,0.11,10.12,2.41,5,3
22,Walking,636673000000.0,988072000000.0,812362264048.9401,-5.09,-0.34,-4.79,2.8256948966929465,3.4035670130111915,2.691164399288056,7.984551649196559,11.584268412057927,7.242365823995444,3.99,8.47,0.84,3.8463565229762415,9.036366481718591,1.4004282259211838,13.99,19.42,11.75,0,1
22,Jogging,1032890000000.0,1344060000000.0,1188475894922.8792,-12.91,-9.08,-9.58,5.185805883469935,7.1553143630722795,3.4147726433436576,26.89258266103139,51.19852363438847,11.66067220572823,3.72,8.08,1.54,3.760008033419023,8.315061053984577,1.5467223650385606,17.67,19.57,15.7,1,2
22,Upstairs,1732820000000.0,2215170000000.0,1964378852670.3496,-11.37,-2.64,-14.06,2.1334276075177616,2.5485910792736908,2.896159215035431,4.55151335651896,6.495316489353438,8.387738198834645,-2.49,8.77,-1.08,-2.2715524861878453,9.062699815837938,-1.4748876611418051,5.75,18.96,14.48,3,1
22,Downstairs,0.0,2289680000000.0,2110063341604.632,-15.32,-2.49,-12.03,2.6820291121581863,3.273443454960785,2.249731349188409,7.193280158464029,10.7154320528256,5.061291143521097,-2.68,8.2,-1.73,-2.9129114971050467,8.995263303005238,-1.7025944306589467,6.02,19.57,9.38,4,1
23,Walking,178043000000.0,507403000000.0,342725759447.5641,-13.53,-7.25,-16.28,3.8493591550950783,5.759357032453455,5.862323668441618,14.817565904914293,33.17019342727106,34.366838793570786,0.11,10.95,-2.11,0.21364243436029745,10.264937016239186,-1.3052314463499772,15.32,19.57,17.62,0,1
23,Jogging,548672000000.0,1529230000000.0,1036972297587.1312,-19.61,-18.77,-19.61,7.112052941086756,10.151946899935382,9.11884616768548,50.58129703682077,103.06202585910765,83.15335542991218,-0.72,10.5,-2.87,-1.4098822000162479,8.6555593468194,-1.8212608660329843,19.57,19.57,19.46,1,2
23,Upstairs,1672480000000.0,2131020000000.0,1899739435483.8708,-12.34,-9.53,-13.53,2.800273875524983,4.55557366393762,2.5513150422635755,7.84153377794771,20.75325140756204,6.50920844488039,0.95,10.53,0.0,0.9519602977667492,9.987657154673283,0.2314991728701406,15.7,19.57,16.28,3,1
23,Downstairs,1745080000000.0,2067860000000.0,1904072062919.0305,-8.73,-1.73,-12.95,3.1525775147378736,4.012029976079297,3.7420223102128594,9.938744986430828,16.096384528958836,14.002730970130784,1.42,9.85,0.11,1.4159876224858177,10.115172769468797,0.1384631253223311,13.29,19.57,11.84,4,1
24,Walking,14258500000000.0,15003400000000.0,14806859814578.006,-18.5,-3.34,-16.93,6.17659517097113,5.327721049618666,3.6492424362666207,38.15032790606389,28.384611582549816,13.316970358649142,-4.86,8.58,-0.84,-3.651438618925831,8.735709718670075,-0.5081329923273658,19.57,19.57,14.9,0,1
24,Jogging,14323500000000.0,15393500000000.0,14852342115979.8,-19.57,-19.61,-19.57,9.702477402173203,11.270352201605304,5.7308728418910295,94.13806773968166,127.02083874822948,32.842903529924165,-2.72,-6.55,0.99,-2.076025411304773,-5.490686593907803,0.8447955693109627,19.61,19.57,19.61,1,2
24,Sitting,16203900000000.0,16238300000000.0,16221105217391.305,3.53,-9.3,0.42,0.5313924016795859,0.5705250934253214,0.9157452305731508,0.2823778845627984,0.3254988822279717,0.8385893273174732,8.16,-3.76,1.61,8.135840579710145,-3.639014492753623,1.9173478260869563,12.45,0.31,9.3,2,3
24,Upstairs,15682900000000.0,16087200000000.0,15905844817374.135,-19.57,-13.44,-19.38,7.3781982081567445,5.590339827574908,4.120028444937138,54.43780879884738,31.251899387770266,16.974634387091147,0.3,7.08,-1.31,-0.8037907206317866,6.9252780519907855,-1.3687923659098384,19.61,19.57,17.69,3,1
24,Downstairs,15754900000000.0,16125800000000.0,15928403379993.172,-19.57,-16.04,-15.02,8.22305477415097,6.70201576299029,3.636965669354795,67.61862981868707,44.91701528737031,13.227519280065373,-0.11,4.9,0.3,0.09204848071013988,5.5609491293956985,0.4876886309320587,19.61,19.57,18.39,4,1
24,Standing,16157200000000.0,16184400000000.0,16170811580882.355,0.34,-0.65,-2.07,1.0992701608139666,0.7732961408456371,0.7952910231170393,1.2083948864559635,0.5979869214467555,0.6324878114505471,3.36,8.43,0.3,3.046194852941176,8.429944852941176,0.012683823529411777,5.56,13.33,2.3,5,3
25,Walking,7552160000000.0,7901070000000.0,7726623941825.478,-19.19,-5.6,-16.97,5.575776173650905,4.7688387614073005,4.1907927602241095,31.08927993865312,22.741823132300723,17.562743959146818,-0.65,9.51,0.5,-0.7705201318240437,9.7231666427855,0.05463533457515403,14.94,19.46,14.79,0,1
25,Jogging,8364370000000.0,8688770000000.0,8526582878717.83,-19.61,-14.94,-19.61,9.013142252652802,7.7811850538355,6.105414025984876,81.23673326655523,60.546840842032964,37.27608042869285,3.11,9.23,-0.19,1.6726059485282785,8.702877176760673,-0.09038834951456312,19.53,19.57,19.46,1,2
26,Walking,220762000000.0,1272080000000.0,750094150719.1521,-8.54,-5.05,-13.91,5.882864114693612,4.6519383489303765,3.5112019286506624,34.608090191949856,21.64053040224908,12.328538983760128,4.69,8.16,-1.92,5.103283875851628,8.405613171839516,-1.2571385314155945,19.57,19.57,13.21,0,1
26,Jogging,593102000000.0,1607920000000.0,1105532063460.0857,-19.61,-16.85,-18.5,10.354167486822613,7.115548856121218,7.354099552355271,107.20878434517445,50.63103552384799,54.08278022595201,-7.16,3.15,-0.38,-5.891843364391841,4.140371023251911,-0.5053395450348359,18.62,19.57,19.46,1,2
26,Upstairs,1761370000000.0,2195050000000.0,1979854781647.3188,-16.44,-5.94,-17.97,5.365793885879292,4.732250325692567,3.5381189927622523,28.79174402573958,22.394193145017397,12.51828600694497,2.22,9.04,-1.88,2.604043670536208,9.303891652846877,-1.9081702598120511,19.5,19.57,14.44,3,1
26,Downstairs,1823000000000.0,2260890000000.0,2040224646859.5256,-13.63,-1.84,-14.63,4.162406007082282,4.013534099396959,2.7368372773677243,17.32562376779467,16.10845596702216,7.4902782827895775,0.08,9.81,-1.18,0.1053792025019546,10.28269220745374,-0.970325775345322,13.67,19.57,12.72,4,1
27,Walking,0.0,11393900000000.0,10790468267072.78,-12.15,-5.48,-11.032481,5.214208067231176,5.502168717247344,3.606443939889525,27.187965768378692,30.2738605930553,13.006437891565882,3.15,7.7,-1.1441092,4.303862616223149,8.297092016672009,-0.3535689867491183,19.57,19.57,15.636159,0,1
27,Jogging,0.0,11718700000000.0,10137037722212.992,-19.61,-19.61,-19.422615,8.829360931256543,7.580144640865963,6.350662292434476,77.95761445439942,57.45859277644897,40.33091155254911,0.0,-0.38,0.0,-3.1444874563881045,-1.915157833527164,-0.7740924019362022,19.57,19.57,19.231932,1,2
27,Sitting,12364000000000.0,12468900000000.0,12416458218199.145,1.84,8.62,0.42223078,0.15658215623765295,0.08418408086940317,0.10539144277559552,0.02451797165203276,0.0070869594718262156,0.011107356210321623,3.21,9.3,1.1441092,3.210871843735112,9.299166269652217,1.1405857095902812,4.6,9.96,1.9885708,2,3
27,Upstairs,0.0,12247300000000.0,11333457972350.23,-19.61,-19.61,-17.270601,9.019611019748666,7.200583226704251,4.361898422430529,81.35338294757156,51.848398804694575,19.026157847601926,0.0,0.15,-0.040861044,-1.154860215053763,0.355904761904762,0.4527855549321045,19.57,19.57,18.8097,3,1
27,Downstairs,0.0,12319100000000.0,12045950578034.682,-19.61,-8.73,-12.980191,4.282436219146351,5.264788271773257,4.3286852895912125,18.33925997105649,27.71799554660123,18.737516336323367,-1.65,8.05,0.3405087,-2.158005780346821,8.746916184971099,1.175538361432948,16.97,19.57,17.692830999999995,4,1
27,Standing,12535900000000.0,12617300000000.0,12576611411042.945,-6.51,8.69,-3.6774937999999993,0.5488445504585087,0.19805917194200892,0.3792705761424888,0.3012303405680025,0.03922743559035426,0.14384616992745536,0.61,9.92,-1.2666923,0.6081840490797547,9.926067484662576,-1.2491279434417175,5.52,10.88,1.1441092,5,3
28,Walking,1506360000000.0,2214750000000.0,1860561564683.464,-8.81,-2.68,-6.851035,2.414076858902086,3.7126924305984574,2.833705652969425,5.827767080686562,13.78408508422308,8.029887727670875,1.42,9.51,1.6889231,1.1950426988496012,9.723238760674713,2.2060483758889124,10.15,19.57,12.340035,0,1
28,Upstairs,2509130000000.0,2834270000000.0,2657526566390.041,-7.65,-5.48,-4.5219555,1.7469817094099591,3.1388355979833564,2.5930662816741816,3.0519450930129417,9.852288911167534,6.723992741155567,-0.19,9.15,2.7921712000000003,-0.318091286307054,9.018540802213002,3.397838760894192,8.35,19.46,14.709975,3,1
28,Downstairs,2685970000000.0,3134700000000.0,2910068938938.939,-8.81,-3.11,-4.903325,2.1962257241653877,3.6581459798985465,2.2028965537338547,4.823407431485781,13.382032010247896,4.852753226452494,0.34,8.96,3.486809,0.35757424090757417,9.195375375375377,3.5733029973720387,7.93,19.57,11.454713,4,1
28,Standing,3194740000000.0,3259660000000.0,3227208215384.615,0.11,8.05,0.23154591,0.2772123132320235,0.2056574648164392,0.8886167427763093,0.07684666660744953,0.04229499283472493,0.7896397155423774,1.65,9.85,1.0760075,1.6206076923076922,9.812184615384616,1.4116338018,4.14,10.27,5.243834,5,3
29,Walking,0.0,8202710000000.0,7620490464573.269,-7.08,-0.53,-9.343558,4.322520124127832,4.190683725422775,3.5185232793707413,18.684180223490078,17.56183008652331,12.38000606747383,3.72,8.92,-1.9885708,4.1632576489533015,9.410585346215779,-0.8502902343140096,17.62,19.57,14.206022,0,1
29,Jogging,0.0,8581430000000.0,7230973372693.148,-9.58,-13.29,-15.554437,7.272405018804736,8.397334436612782,4.2895412009571245,52.887874757536316,70.51522564032291,18.4001637147087,6.02,4.94,-0.9125633,6.612505473881765,6.702727557084768,-0.8247382560808572,19.57,19.57,16.3989,1,2
29,Sitting,235612000000.0,351512000000.0,293544630012.9366,6.4,1.04,5.56,0.11833341257998367,0.2187238271684365,0.11289987125840086,0.014002796532824642,0.047840112571208085,0.012746380930163484,7.5,2.26,6.44,7.495903406640793,2.1528029322984046,6.456998706338939,8.92,2.6,7.59,2,3
29,Upstairs,0.0,9397310000000.0,9091668042206.436,-14.86,-1.61,-9.343558,4.785845437810841,3.262868676134896,2.462916323139224,22.90431655461484,10.646311997702288,6.0659568147856335,1.92,8.96,-0.6537767,1.6004763894692855,9.46618679481822,-0.27085595471542,18.7,19.57,15.745122,3,1
29,Downstairs,0.0,9481310000000.0,9073960769230.77,-14.71,-1.31,-10.651112,4.696742803808289,3.622718006968498,2.501180499888945,22.059392965124946,13.124085758013806,6.2559038930247155,2.96,8.66,0.10896278,2.8093647493647493,9.13854700854701,0.42601892932132135,18.31,19.5,14.410328,4,1
29,Standing,385072000000.0,465152000000.0,425104670617.592,-3.68,8.89,-2.14,0.17312037523318202,0.07179841401203975,0.22491425804979207,0.029970664320877742,0.005155012254644265,0.05058642347408845,-1.99,9.66,-1.04,-1.9531191515907675,9.635845290081098,-1.0655146600124767,-0.91,9.92,-0.11,5,3
30,Walking,152192000000.0,781112000000.0,466640197233.4844,-8.73,-18.85,-19.38,6.339896509416881,7.156533209909365,5.0755952224786025,40.19428775011635,51.21596758453564,25.761666862447616,9.96,0.04,-5.6,9.147827331266397,0.36986723904920893,-5.34519516654742,19.57,19.04,15.79,0,1
30,Sitting,1473280000000.0,1551180000000.0,1512250782552.9185,0.57,5.67,-7.78,0.3969539595037959,0.4684472521564607,0.6616241146542725,0.1575724459657412,0.21944282805293866,0.4377464690920499,4.33,6.93,-6.05,4.347010904425914,7.1228736369467605,-5.999640795381653,7.46,10.8,-0.89,2,3
30,Upstairs,923422000000.0,1363440000000.0,1145010793185.045,-19.61,-17.73,-19.61,9.679593305033409,5.830259026098238,5.299003585643066,93.69452655084756,33.99192031139999,28.079439000658088,2.775,2.15,-3.3,1.589829626123994,2.287193563653573,-3.3567179365830566,19.57,19.57,18.31,3,1
30,Downstairs,1015300000000.0,1441470000000.0,1233203744834.7107,-19.61,-16.82,-19.61,7.702342455350807,6.046704024633599,4.216988493272177,59.326079299499504,36.56262956152018,17.782991952389942,0.53,6.15,-3.76,0.7849096074380163,5.644287190082644,-3.963008780991736,19.57,19.57,12.83,4,1
30,Standing,1574810000000.0,1729730000000.0,1652266518231.6875,-6.21,0.46,-4.14,1.4034520738625027,0.5575439300914758,0.8763895567435602,1.9696777236289595,0.3108552339818485,0.768058655169174,1.54,9.72,0.61,1.2261761858664086,9.703636656986124,0.5512165214585351,6.13,19.46,6.78,5,3
31,Walking,22411800000000.0,23899600000000.0,23101470389902.82,-11.65,-3.26,-11.22,2.7744589021467188,3.963693777356044,3.579052226979882,7.697622199701176,15.710868360651023,12.809614843449653,-0.72,9.53,-0.76,-0.7106612941455321,9.770550485897134,0.11738030338942874,14.21,19.76,18.43,0,1
31,Jogging,23190000000000.0,24281900000000.0,23740780319715.81,-19.23,-18.07,-16.89,10.464304969099194,8.587990006000153,4.637416767871981,109.50167848631405,73.75357234315851,21.505634278940214,0.0,3.38,-1.18,0.7933129662522199,5.239168028419184,-0.7929278863232683,19.95,19.76,18.35,1,2
31,Sitting,24917900000000.0,25025300000000.0,24971595856610.8,0.08,-0.91,9.15,0.18555213236446125,0.09701121239859477,0.05775895703600802,0.03442959382499855,0.009411175331045268,0.0033360971178874213,0.89,-0.15,9.7,0.9436080074487896,-0.14138268156424574,9.682313780260706,2.07,0.84,10.38,2,3
31,Upstairs,24370200000000.0,24795400000000.0,24583305086556.96,-15.13,-8.47,-6.7,3.864230383852677,3.2457528973738303,2.3534567546299594,14.932276459490206,10.534911870810618,5.538758695913381,-0.84,8.81,0.84,-1.2312075229749946,8.784629194272283,1.158059414404787,18.77,19.76,18.01,3,1
31,Downstairs,24457600000000.0,24870900000000.0,24664602517985.61,-12.26,-1.42,-4.21,4.796920890957702,3.7984425170089855,2.2189255038737192,23.010450034106437,14.428165555021565,4.923630391741238,-0.76,7.82,0.76,0.7996017471736897,8.427489722507707,1.1368448098663928,18.47,19.7,13.59,4,1
31,Standing,25077000000000.0,25207600000000.0,25142276837672.28,-1.18,1.65,-1.76,2.031481649497197,1.6419344145198056,0.9448400413537908,4.126917692243852,2.6959486215844968,0.8927227037454332,6.02,7.06,0.0,5.508143185298621,7.042147779479326,0.3271362940275651,13.1,12.72,7.25,5,3
32,Walking,0.0,24451500000000.0,23934650226244.344,-15.13,-5.2,-12.258313,5.274272278904098,5.220155380012729,4.16316582278533,27.81794807201622,27.250022191475843,17.33194966800785,-0.04,10.27,-1.9477097,0.09354476405947,9.782324660633485,-1.299882582717033,18.16,19.57,18.04696,0,1
32,Jogging,0.0,24792800000000.0,20331470779910.168,-19.38,-19.61,-18.0061,8.843856185586821,9.006958701096476,5.385825331559079,78.21379223134231,81.1253050432575,29.007114502063466,0.0,6.09,0.0,-1.0283331972233565,7.452775826868108,-0.729373231800735,18.62,19.57,15.023244,1,2
32,Sitting,2472910000000.0,2625790000000.0,2549361696632.8867,6.93,-3.41,3.15,0.18009323252222534,0.1666237851000443,0.1957235411204156,0.032433572400304325,0.027763485761065743,0.038307704548715016,8.16,-2.37,4.14,8.119892121608366,-2.3163452108532203,4.17786531546257,9.04,-1.65,4.86,2,3
32,Upstairs,0.0,25353900000000.0,25019224305191.4,-13.17,-2.37,-10.7192135,4.108417354300066,4.3519653678701244,2.515648840683548,16.879093157113957,18.93960256314095,6.328489089632478,1.69,9.62,-0.7627395,1.6724121657052962,9.612370214997377,-0.484022305110645,17.73,19.57,11.876944,3,1
32,Downstairs,0.0,25429300000000.0,23818537217242.85,-11.99,-10.42,-18.918663,4.351084474734861,5.6777651291562465,3.655483767184831,18.931936106278748,32.237016861862635,13.362561572151801,-0.04,8.89,-0.46309182,0.4287537345283824,8.548523260776783,-0.4694165981954758,18.47,19.57,15.091345,4,1
32,Standing,2654020000000.0,2737440000000.0,2695723397243.8584,-2.3,9.38,-0.23,0.2027523981548289,0.062417512699395,0.23812338385773216,0.04110853495753427,0.0038959458915791365,0.05670274593985687,-1.46,9.77,0.69,-1.4231216297183942,9.787118034751348,0.7110724985020972,-0.61,10.15,1.61,5,3
33,Walking,10504000000000.0,55381800000000.0,14085245354457.572,-10.31,-4.44,-9.656827,2.590413698825926,4.233632442223411,3.3399732914942097,6.710243131065015,17.923643655846558,11.155421587894669,-0.53,9.72,1.2258313,-0.6816784803450592,9.589493343402928,1.6271323092768528,7.78,19.46,16.589584,0,1
33,Jogging,49106000000000.0,55737200000000.0,54251322600408.44,-14.246882999999999,-13.443283,-14.982383,6.454691731620313,7.958425152285399,4.681221709490153,41.66304535024765,63.33653090452886,21.913836693401894,1.5867705,10.501288,1.879608,1.755596988973451,9.391146317961882,1.128124541246426,18.727978,19.57244,16.167353,1,2
33,Sitting,612432000000.0,774782000000.0,693591683189.6552,4.94,2.18,7.46,0.13478032670274095,0.17234246002139395,0.055948773551428764,0.01816573646609759,0.02970192352622578,0.003130265261909054,5.75,2.6,7.82,5.738386699507389,2.604870689655172,7.815708128078817,6.55,3.57,8.16,2,3
33,Upstairs,49560600000000.0,50152300000000.0,49843028377767.73,-12.762266,-2.1111538,-5.202973,2.366002377141856,3.5815520471393896,2.3284402931617514,5.597967248640912,12.827515066368349,5.421634198819183,-0.19068487,8.662541000000001,1.6889231,-0.2911910957379124,8.896881310659738,2.130190378136466,10.119919,19.340895,16.970953,3,1
33,Downstairs,10338300000000.0,50225000000000.0,29450387960308.71,-6.66035,-0.29964766,-8.853226,1.9933136099176576,3.664139803551668,2.1803582115396294,3.973299147482964,13.425920499971655,4.753961930628291,-0.11,8.62,2.3426998,-0.035749923472546866,9.172259844668137,2.5253175869984568,11.264028,19.531578,9.575105,4,1
33,Standing,504382000000.0,584932000000.0,544667843052.1092,-0.3,9.62,1.14,0.0988593976657972,0.03441783199159236,0.0973531394546932,0.00977318050684423,0.0011845871590014786,0.009477633761684943,0.0,9.89,1.42,0.009937965260545908,9.876035980148883,1.423771712158809,0.5,10.04,1.84,5,3
34,Walking,295862000000.0,1411220000000.0,849882617776.7809,-16.4,-5.98,-13.78,5.7674785635955175,5.717299012645736,4.540730183952358,33.26380898153382,32.68750799999991,20.618230603456023,-0.57,10.42,-1.5,-0.469570905285191,9.965692606713016,-0.7616887194438215,17.73,19.57,16.25,0,1
34,Jogging,667682000000.0,1848490000000.0,1263692388763.6958,-16.51,-13.02,-15.75,6.806975392291192,8.49398226724622,4.688095880630861,46.33491399125784,72.14773475629327,21.978242985988043,2.79,10.76,-0.89,3.107777605097521,9.495402129147564,-0.15878312223171964,19.34,19.57,17.31,1,2
34,Sitting,1998950000000.0,2077650000000.0,2038288393650.7937,-4.4,-1.27,7.7,0.37362450482763104,0.11704360892224905,0.17438861615236498,0.13959527060769245,0.01369920638954438,0.030411389443536888,-3.68,-0.91,8.31,-3.6811936507936514,-0.9439238095238094,8.226825396825397,-3.11,-0.61,8.5,2,3
34,Upstairs,2188460000000.0,2676470000000.0,2416504197908.697,-13.87,-8.2,-13.87,3.5436396965056853,4.873800718389073,3.2100266009387832,12.557382298650909,23.75393344256984,10.3042707787346,1.08,10.5,-0.99,1.243963274674828,9.646143840856924,-1.1071996939556237,17.54,19.5,13.53,3,1
34,Downstairs,2263700000000.0,2731750000000.0,2485909345238.095,-18.28,-3.34,-12.07,4.459118816016368,4.107000262856654,3.8093940189730255,19.883740615351226,16.867451159104625,14.511482791787467,0.31,9.47,-1.31,0.2660819327731092,9.558172268907565,-1.3273984593837536,16.09,19.57,11.54,4,1
34,Standing,1892380000000.0,1959790000000.0,1926098220904.3733,2.96,8.96,-2.41,0.1367194052785015,0.07601475391736773,0.1321274927091051,0.018692195779707137,0.005778242813117972,0.01745767432959462,3.49,9.34,-1.95,3.4824684951816165,9.364566345441068,-1.9493031875463305,4.18,9.81,-1.38,5,3
35,Walking,845362000000.0,34054700000000.0,6175474084613.236,-7.86,0.8,-4.099725,3.3778152114074325,3.2980323666792426,2.113057538496007,11.409635602415438,10.877017491663887,4.465012160994803,3.11,8.96,0.08172209,3.4113906729963697,9.311820720469145,0.5702916798363585,18.05,19.34,9.888372,0,1
35,Jogging,469472000000.0,1496580000000.0,984410956462.91,-19.61,-15.51,-15.213928,6.786964768655162,7.51960439985188,4.157894882285797,46.062890770966405,56.54445033027175,17.28808985213842,-0.57,7.16,1.2666923,-1.0451655523718564,7.0972142629735755,1.2717538940744986,19.08,19.57,16.889229999999998,1,2
35,Sitting,149632000000.0,229532000000.0,189568737961.22574,4.1,5.94,5.18,0.2636964669431166,0.21216251883436316,0.16020824673220274,0.06953582667828219,0.04501293439814149,0.02566668232100636,5.09,6.74,5.67,5.0559099437148225,6.735903689806127,5.6957973733583485,5.75,7.31,6.66,2,3
35,Standing,73452342000.0,126822000000.0,100150019430.3087,2.03,9.04,2.68,0.10640313775667094,0.05128867685636829,0.07175055317311024,0.011321627724465095,0.002630528373676968,0.005148141880647321,2.49,9.34,2.83,2.491730589335828,9.34380729653882,2.851805425631431,2.87,9.62,3.21,5,3
36,Walking,13059300000000.0,13369300000000.0,13214299500000.0,-9.47,1.57,-8.267551,2.2425773329690646,3.536444280534743,3.3048456781300497,5.0291530943466425,12.506438149326895,10.922004956254867,-1.14,10.0,-0.08172209,-0.9941048387096776,9.861519354838707,0.5232432328041935,6.44,19.11,12.9529505,0,1
36,Jogging,0.0,14075100000000.0,13572515160325.635,-18.05,-13.99,-14.669114000000002,5.053407612288161,7.357069416387008,4.7398754096682545,25.53692849593192,54.12647039753706,22.466418899177814,-2.68,9.11,0.50395286,-2.661668051171291,8.311901478650936,1.1538679310988538,15.21,19.57,16.249075,1,2
36,Sitting,14807800000000.0,14932800000000.0,14870296320000.0,-5.86,-3.06,7.3549875999999985,0.3247515897143674,0.048993782588129565,0.2068333890401743,0.10546359502200883,0.0024003907322929074,0.042780050821844086,-4.4,-2.26,8.19945,-4.586196,-2.251868,8.107169070760001,-4.1,-1.88,8.499097,2,3
36,Upstairs,0.0,14693600000000.0,14412746915853.436,-7.27,-0.69,-8.771504,1.3612859779435371,2.2206426063624383,2.2271698653913456,1.8530995137456925,4.931253585192163,4.960285609307307,-1.5,9.28,1.8387469,-1.4838004050819371,9.112923955072725,2.407330628643712,8.05,17.77,13.865514,3,1
36,Downstairs,14235800000000.0,14775600000000.0,14506376145908.328,-8.24,-2.45,-8.580819,1.6918909073220874,3.0828806451057096,1.942901092616348,2.8624948422791565,9.504153071967396,3.7748646556897976,-0.95,9.23,1.7978859,-1.075250779937605,9.602049436045117,1.7577112673549316,5.05,19.57,9.302697,4,1
36,Standing,14953000000000.0,15049200000000.0,15001102181818.182,-2.14,8.77,1.7297841,0.34574993909619184,0.09711457403109207,0.2398243650987744,0.11954302038502038,0.009431240489240465,0.05751572609503024,-0.99,9.43,2.6423476000000004,-0.993496103896104,9.439683116883117,2.5577244154285714,0.46,9.92,3.255263,5,3
